,0,1,2,3,4
1,AMS,BRU,CDG,NRT,2794
2,AMS,CDG,HEL,NRT,1088
3,AMS,CDG,ICN,PVG,3091
4,AMS,CDG,KIX,NRT,9985
5,AMS,CPH,PEK,CTU,1812
6,AMS,DOH,BKK,PVG,1080
7,AMS,EWR,ORD,NRT,9292
8,AMS,EWR,SFO,PVG,19551
9,AMS,EWR,SFO,TPE,7825
10,AMS,FRA,ICN,NRT,1393
11,AMS,FRA,ICN,TPE,2116
12,AMS,LHR,HEL,NRT,968
13,AMS,LIS,EWR,ATL,879
14,AMS,LIS,EWR,ORD,756
15,AMS,MUC,VIE,PVG,5764
16,AMS,VIE,FRA,LAX,329
17,AMS,VIE,ORD,ATL,603
18,AMS,VIE,ORD,DFW,292
19,ATL,BOS,AMS,CDG,2034
20,ATL,CDG,AMS,DXB,984
21,ATL,EWR,LIS,LHR,641
22,ATL,FLL,CUN,MEX,243
23,ATL,IAD,BRU,CDG,1192
24,ATL,IAD,BRU,LHR,1178
25,ATL,IAH,MTY,MEX,196
26,ATL,JFK,AUH,DXB,1612
27,ATL,LHR,FRA,NRT,8359
28,ATL,MIA,MAD,FRA,977
29,BCN,AMS,CDG,DXB,897
30,BCN,AMS,DTW,EWR,348
31,BCN,CDG,DTW,EWR,351
32,BCN,LHR,MIA,EWR,3129
33,BCN,LHR,ORD,MIA,655
34,BKK,AMS,CDG,DXB,4851
35,BKK,ICN,FRA,MAD,3483
36,BKK,MCT,FRA,MAD,618
37,BKK,SIN,ADL,SYD,7466
38,BKK,ZRH,GVA,CDG,782
39,BOM,AUH,BRU,CDG,3877
40,BOM,AUH,ISB,KUL,9441
41,BOM,BLR,TRZ,SIN,371
42,BOM,CDG,ATL,EWR,1097
43,BOM,LHR,HEL,NRT,2915
44,CAN,PEK,WAW,CDG,5383
45,CAN,PEK,YVR,LAX,1365
46,CAN,PVG,ICN,CGK,1975
47,CAN,SHA,BKK,DEL,3354
48,CAN,TSN,HAK,KMG,1374
49,CDG,AMS,BKK,HKG,1036
50,CDG,AMS,RIX,SVO,476
51,CDG,BCN,PMI,MAD,461
52,CDG,BRU,FRA,JFK,8624
53,CDG,BSL,AMS,MEX,1079
54,CDG,CPH,EWR,MIA,1886
55,CDG,DFW,CLT,EWR,3283
56,CDG,DFW,ICN,PVG,10373
57,CDG,EWR,DEN,DFW,330
58,CDG,EWR,IAD,DFW,330
59,CDG,EWR,IAH,DFW,330
60,CDG,EWR,SFO,TPE,8144
61,CDG,FRA,EWR,DFW,316
62,CDG,FRA,HND,SIN,4504
63,CDG,FRA,HND,TSA,4150
64,CDG,FRA,IAD,DFW,436
65,CDG,FRA,IAH,DFW,316
66,CDG,GVA,ZRH,DXB,1827
67,CDG,GVA,ZRH,EWR,433
68,CDG,GVA,ZRH,HKG,1051
69,CDG,GVA,ZRH,JFK,369
70,CDG,LHR,CPH,PEK,4285
71,CDG,LHR,YYZ,EWR,4180
72,CDG,LIS,PDL,YYZ,784
73,CDG,VIE,EWR,MIA,341
74,CDG,VIE,FRA,MAD,420
75,CDG,VIE,FRA,MEX,321
76,CDG,VIE,ORD,CLT,312
77,CDG,ZRH,GVA,FRA,400
78,CGK,KUL,TPE,SYD,4459
79,CGK,SIN,LHR,PVG,6455
80,CKG,KHN,SZX,PEK,835
81,CKG,XAI,SHA,ICN,1266
82,CLT,DCA,BOS,LHR,3330
83,CLT,IAD,BRU,CDG,4428
84,CLT,IAD,BRU,FRA,4262
85,CLT,IAD,BRU,MUC,1883
86,CLT,IAD,ZRH,MUC,4986
87,CLT,JFK,DOH,MUC,1160
88,CLT,ORD,IAD,MUC,1852
89,CLT,PHL,LHR,MUC,1872
90,CTU,DMK,KUL,BOM,726
91,CTU,KMG,SHA,SIN,2634
92,CTU,PEK,YVR,NRT,2417
93,CTU,PVG,LHR,AMS,3536
94,CTU,TEN,PVG,ICN,1314
95,CTU,TEN,PVG,SIN,2002
96,CTU,TEN,PVG,TPE,626
97,CTU,TSN,HAK,KMG,1358
98,CTU,XMN,AMS,FRA,1170
99,DEL,AUH,BRU,CDG,3896
100,DEL,BKK,PVG,PEK,1832
101,DEL,EWR,SFO,SYD,20103
102,DEL,LHR,HEL,NRT,2473
103,DEL,MCT,CAI,FRA,7560
104,DEL,MUC,AMS,EWR,3554
105,DEL,MUC,ATH,IST,4765
106,DEL,MUC,CPH,AMS,2879
107,DEL,MUC,CPH,CDG,2879
108,DEL,MUC,OSL,LHR,2864
109,DEL,MUC,SFO,PVG,10541
110,DEL,MUC,SFO,TPE,2606
111,DEL,YYZ,ORD,EWR,1088
112,DFW,BOS,KEF,CDG,1346
113,DFW,JFK,AUH,DXB,1816
114,DFW,JFK,DUB,CDG,1304
115,DFW,SJC,SEA,LAS,2188
116,DXB,AMS,ATL,DAL,1425
117,DXB,BAH,MCT,MNL,955
118,DXB,CAI,FRA,HKG,8105
119,DXB,DAC,KUL,MNL,1029
120,DXB,FRA,EWR,CDG,6884
121,DXB,FRA,LAX,ICN,8227
122,DXB,IST,ORD,DFW,2201
123,DXB,KHI,DOH,MNL,1065
124,DXB,KWI,DOH,SAW,1752
125,DXB,ZRH,GVA,CDG,880
126,EWR,AMS,LHR,PVG,3804
127,EWR,ATL,CDG,DEL,834
128,EWR,ATL,ICN,NRT,6458
129,EWR,CDG,BRU,FRA,1886
130,EWR,CDG,BRU,LHR,4383
131,EWR,CDG,BRU,MUC,2058
132,EWR,FRA,VIE,PVG,4856
133,EWR,LHR,FRA,HKG,10782
134,EWR,LHR,VIE,CDG,660
135,EWR,LHR,VIE,PVG,5372
136,EWR,LHR,YUL,FRA,11910
137,EWR,LHR,ZRH,NRT,3025
138,EWR,ORD,SEA,LAS,806
139,EWR,ZRH,CPH,PEK,7641
140,EWR,ZRH,FRA,MEX,3962
141,FRA,AMS,BKK,KUL,944
142,FRA,AMS,CDG,ICN,987
143,FRA,AMS,LHR,PVG,7137
144,FRA,BRU,IAD,ATL,703
145,FRA,BRU,IAD,CLT,668
146,FRA,BRU,IAD,LAX,778
147,FRA,CDG,AMS,YYZ,373
148,FRA,CDG,ATL,EWR,414
149,FRA,CDG,KIX,HND,2047
150,FRA,CPH,ORD,DFW,1919
151,FRA,GRZ,VIE,PEK,5406
152,FRA,GVA,ZRH,BKK,3723
153,FRA,GVA,ZRH,BOM,3284
154,FRA,GVA,ZRH,ORD,589
155,FRA,GVA,ZRH,SIN,2429
156,FRA,LHR,CAN,PVG,2676
157,FRA,LHR,PHL,ATL,1522
158,FRA,LHR,SIN,HKG,1631
159,FRA,MAD,LHR,DEL,2974
160,FRA,MUC,VIE,PVG,4031
161,FRA,SFO,PVG,CTU,30227
162,FRA,TXL,HEL,PVG,3224
163,FRA,VIE,EWR,MIA,899
164,FRA,VIE,HEL,PVG,3037
165,FRA,VIE,IAD,LAS,808
166,FRA,VIE,ORD,DFW,703
167,FRA,VIE,ORD,LAX,703
168,FRA,ZRH,ORD,MCO,916
169,HKG,BKK,AMS,JFK,3739
170,HKG,BKK,AMS,MUC,956
171,HKG,BKK,AMS,YYZ,3716
172,HKG,BKK,ICN,SYD,2399
173,HKG,NRT,DFW,EWR,803
174,HKG,NRT,ORD,EWR,4337
175,HKG,NRT,ORD,JFK,4337
176,HKG,NRT,ORD,YYZ,4087
177,HKG,PVG,WNZ,CKG,557
178,HKG,PVG,WNZ,KMG,687
179,HKG,ZRH,GVA,CDG,623
180,HKG,ZRH,GVA,FRA,983
181,HKG,ZRH,GVA,LHR,547
182,HKG,ZRH,GVA,MUC,983
183,HND,IAH,DCA,LHR,13737
184,HND,IAH,EWR,MUC,14174
185,HND,IAH,LGA,CDG,14171
186,HND,ITM,SIN,KUL,3635
187,HND,KIX,MNL,HKG,1404
188,HND,LHR,DUB,CDG,4136
189,HND,NGO,PKX,PVG,3074
190,ICN,AUH,AMS,MAD,697
191,ICN,AUH,BRU,CDG,4268
192,ICN,AUH,JFK,LAS,992
193,ICN,AUH,JFK,LAX,852
194,ICN,CDG,AMS,LHR,622
195,ICN,CDG,LAX,LAS,5587
196,ICN,DTW,ATL,DFW,867
197,ICN,DTW,MSP,DFW,1010
198,ICN,HAN,DAD,BKK,666
199,ICN,KIX,NKG,PEK,2946
200,ICN,KIX,NKG,XIY,2565
201,ICN,LAX,NRT,KUL,7786
202,ICN,MUC,IST,SVO,4040
203,ICN,NRT,FUK,TPE,963
204,ICN,NRT,KIX,TPE,955
205,ICN,SEA,LAX,DFW,867
206,ICN,SEA,MSP,DFW,867
207,ICN,SEA,SLC,DFW,867
208,ICN,SFO,DEN,DFW,879
209,ICN,SFO,FRA,BOM,15527
210,ICN,SFO,FRA,MAD,6248
211,ICN,SFO,IAH,DFW,879
212,ICN,SFO,ORD,MUC,6521
213,ICN,TAE,PUS,HKG,605
214,ICN,TAE,PUS,TPE,406
215,ICN,YVR,SEA,DAL,989
216,ICN,YVR,SEA,DFW,1041
217,IST,AMS,BKK,HKG,882
218,IST,AMS,CDG,ICN,1162
219,IST,AUH,BRU,CDG,4584
220,IST,AUH,FRA,BCN,1672
221,IST,FRA,CTU,PEK,1520
222,IST,FRA,SFO,PVG,22011
223,IST,FRA,YVR,LAX,460
224,IST,FRA,ZRH,NRT,14649
225,IST,KBP,BRU,RTM,254
226,JFK,CDG,AMS,DXB,1547
227,JFK,DUB,MAN,AMS,5333
228,JFK,FRA,BLR,DEL,887
229,JFK,FRA,VIE,PVG,7830
230,JFK,HKG,DOH,CDG,33203
231,JFK,HKG,DOH,FRA,10528
232,JFK,LHR,BAH,DXB,847
233,JFK,ZRH,FRA,MEX,8394
234,JFK,ZRH,GVA,FRA,1008
235,JFK,ZRH,GVA,MUC,1195
236,KMG,CAN,CSX,PVG,933
237,KMG,CSX,XMN,KUL,1009
238,KMG,CTU,WNZ,CAN,939
239,KMG,CTU,WNZ,PEK,999
240,KMG,HFE,XMN,KUL,1062
241,KMG,HGH,XMN,KUL,788
242,KMG,HNY,PVG,ICN,1239
243,KMG,NKG,SYX,SHA,1394
244,KMG,NKG,XMN,KUL,767
245,KMG,PEK,XMN,KUL,804
246,KMG,PVG,XMN,KUL,859
247,KMG,TNA,XMN,KUL,741
248,KMG,TNA,YNT,PEK,1093
249,KMG,XIY,TSN,CAN,1223
250,KMG,XIY,TSN,PVG,1162
251,KUL,AUH,BRU,CDG,3898
252,KUL,BWN,MEL,SYD,1066
253,KUL,CGK,SIN,NRT,647
254,KUL,KNO,CGK,NRT,1234
255,KUL,PEN,TPE,NRT,798
256,KUL,SIN,PVG,CAN,2259
257,KUL,SIN,PVG,CTU,2286
258,KUL,SIN,PVG,KMG,2291
259,KUL,SIN,PVG,PEK,2256
260,KUL,SIN,PVG,SZX,2950
261,KUL,SIN,RGN,BKK,2467
262,KUL,SUB,CGK,NRT,1261
263,LAS,ORD,BRU,FRA,972
264,LAS,ORD,IST,LGW,1463
265,LAS,SFO,ORD,YYZ,3419
266,LAX,AUH,BAH,MNL,2990
267,LAX,CDG,AMS,ICN,7769
268,LAX,EWR,ZRH,CDG,1054
269,LAX,EWR,ZRH,FRA,963
270,LAX,FRA,BRU,CDG,16246
271,LAX,FRA,VIE,CDG,1117
272,LAX,HND,TSA,PVG,3883
273,LAX,HNL,GUM,MNL,3747
274,LAX,IAD,BRU,FRA,972
275,LAX,IAD,BRU,MUC,972
276,LAX,JFK,AMM,DXB,1316
277,LAX,JFK,AMS,DXB,973
278,LAX,JFK,MAD,CDG,2796
279,LAX,LHR,DOH,MNL,6816
280,LAX,ORD,BRU,FRA,972
281,LAX,ORD,NRT,MNL,669
282,LAX,SEA,ICN,PVG,7875
283,LAX,SFO,ICN,MNL,1336
284,LAX,SFO,NRT,SYD,21220
285,LAX,SFO,ORD,YYZ,3222
286,LAX,YVR,ICN,MNL,4499
287,LAX,YVR,XMN,CAN,3355
288,LGW,ATH,IST,DXB,623
289,LGW,DUB,AMS,YYZ,324
290,LGW,DUB,LIS,YYZ,174
291,LGW,IST,SFO,LAS,3709
292,LGW,MAD,IST,DXB,531
293,LHR,AMS,CAN,CTU,1775
294,LHR,AMS,DFW,HND,9361
295,LHR,AUH,PKX,CTU,5999
296,LHR,BRU,CDG,EWR,4063
297,LHR,BRU,GLZ,RTM,332
298,LHR,DOH,BKK,HND,1188
299,LHR,FCO,IST,KUL,894
300,LHR,FRA,CTU,CAN,953
301,LHR,GVA,IST,KUL,792
302,LHR,ORD,ZRH,BOM,10137
303,LHR,OTP,IST,KUL,895
304,LHR,SFO,PVG,CTU,31172
305,LHR,SFO,YVR,HND,6717
306,LHR,VIE,EWR,MIA,681
307,LHR,VIE,ORD,DFW,1033
308,LHR,ZRH,FRA,MEX,910
309,LHR,ZRH,GVA,CDG,855
310,MAD,JFK,ATL,DAL,857
311,MAD,JFK,ATL,MIA,283
312,MAD,LIS,OPO,LHR,101
313,MAD,PMI,STR,LHR,167
314,MCO,IAD,BRU,FRA,923
315,MCO,IAD,IST,LGW,1269
316,MCO,ORD,ZRH,FRA,914
317,MEX,BOG,BCN,CDG,1326
318,MEX,EWR,LIS,MAD,996
319,MEX,JFK,AMS,CDG,3351
320,MEX,MAD,DOH,CDG,2608
321,MEX,MIA,LHR,CDG,833
322,MEX,ORD,DUB,CDG,2942
323,MIA,ATL,AMS,CDG,544
324,MIA,ATL,CDG,SVO,1143
325,MIA,EWR,LIS,LHR,817
326,MIA,SAN,SFO,ORD,2009
327,MNL,AUH,JFK,LAX,1529
328,MNL,CEB,BKK,PVG,743
329,MNL,ICN,FUK,NRT,683
330,MNL,ICN,HKG,KUL,1620
331,MNL,ICN,KIX,HND,1323
332,MNL,ICN,KIX,NRT,690
333,MNL,ICN,SEA,LAX,960
334,MNL,KIX,HND,SYD,10141
335,MNL,KIX,MYJ,HND,1263
336,MNL,KIX,NKG,CAN,3156
337,MNL,TPE,HKG,CGK,2509
338,MUC,AMS,ATL,CLT,397
339,MUC,ARN,CPH,EWR,2102
340,MUC,ARN,CPH,PEK,1638
341,MUC,BRU,IAD,ATL,713
342,MUC,BRU,IAD,CLT,678
343,MUC,BRU,ORD,LAX,788
344,MUC,CDG,DTW,CLT,399
345,MUC,DUS,CPH,PEK,1855
346,MUC,FRA,CTU,PEK,2205
347,MUC,FRA,CTU,PVG,2205
348,MUC,GVA,ZRH,AMS,443
349,MUC,GVA,ZRH,BCN,435
350,MUC,GVA,ZRH,BKK,3729
351,MUC,GVA,ZRH,BOM,3286
352,MUC,GVA,ZRH,DXB,2463
353,MUC,GVA,ZRH,HKG,3702
354,MUC,GVA,ZRH,JFK,437
355,MUC,GVA,ZRH,SIN,2420
356,MUC,HAM,CPH,PEK,1757
357,MUC,HEL,NKG,PEK,1280
358,MUC,KRK,ZRH,BOM,4035
359,MUC,LIS,EWR,ATL,933
360,MUC,LIS,EWR,YYZ,804
361,MUC,VIE,ORD,ATL,885
362,MUC,VIE,ORD,CLT,577
363,MUC,VIE,ORD,LAX,689
364,NRT,ICN,LHR,IST,3165
365,NRT,YYZ,EWR,ORD,2230
366,ORD,ATL,ICN,NRT,5014
367,ORD,BOI,SEA,JFK,1994
368,ORD,BOI,SEA,MCO,1927
369,ORD,BOS,LIS,MAD,1084
370,ORD,BRU,FRA,DEL,2548
371,ORD,BRU,VIE,PEK,7518
372,ORD,CDG,AMS,IST,1148
373,ORD,CDG,AMS,NRT,7602
374,ORD,DOH,BKK,HKG,897
375,ORD,DOH,BKK,PVG,1189
376,ORD,DTW,AMS,CDG,1366
377,ORD,FRA,LIS,CDG,580
378,ORD,FRA,LIS,MAD,5225
379,ORD,FRA,VIE,PVG,7811
380,ORD,IST,BKK,PVG,1340
381,ORD,JFK,ICN,HKG,820
382,ORD,LAX,MNL,HKG,1047
383,ORD,LGA,DOH,HKG,1094
384,ORD,LHR,BKK,PVG,2091
385,ORD,LHR,BRU,CDG,4524
386,ORD,LHR,CPH,PEK,2184
387,ORD,LHR,VIE,FRA,952
388,ORD,LHR,VIE,PVG,5708
389,ORD,LHR,ZRH,HKG,3025
390,ORD,LHR,ZRH,NRT,3025
391,ORD,MUC,CPH,PEK,7605
392,ORD,MUC,WAW,NRT,5133
393,ORD,SFO,PVG,PEK,8197
394,ORD,ZRH,CPH,PEK,7655
395,ORD,ZRH,VIE,PEK,8151
396,PEK,HKG,LHR,EWR,8885
397,PEK,HKG,LHR,JFK,8885
398,PEK,HKG,LHR,LAX,9212
399,PEK,HKG,LHR,ORD,8801
400,PEK,PVG,BKK,DEL,2797
401,PEK,PVG,CPH,LHR,2006
402,PEK,SHA,BKK,DEL,3542
403,PEK,SHA,CPH,AMS,3448
404,PEK,SHA,CPH,CDG,3632
405,PEK,SHA,ICN,IST,2169
406,PEK,SHA,ICN,SVO,5996
407,PEK,SHA,NRT,ORD,5986
408,PEK,SHA,SFO,SYD,20012
409,PEK,YNT,ICN,HKG,890
410,PEK,YVR,FRA,DXB,6289
411,PEK,YVR,FRA,MAD,6086
412,PEK,YVR,SFO,EWR,2274
413,PVG,CAN,HGH,SYD,5826
414,PVG,CSX,XMN,KUL,5896
415,PVG,CTU,ICN,SYD,3083
416,PVG,FRA,WAW,IST,11046
417,PVG,FRA,ZRH,YYZ,15564
418,PVG,HKG,LHR,EWR,8615
419,PVG,HKG,LHR,LAX,8941
420,PVG,HKG,LHR,ORD,8529
421,PVG,PKX,CAN,LAX,5340
422,PVG,PKX,FOC,HKG,499
423,PVG,PKX,HGH,SYD,5372
424,PVG,SHE,ICN,MNL,615
425,PVG,TAO,HGH,SYD,5523
426,PVG,WUH,HGH,SYD,5849
427,PVG,XIY,HGH,SYD,5392
428,RTM,GLZ,BRU,LHR,211
429,SHA,TSN,HAK,KMG,1316
430,SIN,AMS,CDG,DXB,2582
431,SIN,AUH,BRU,CDG,4374
432,SIN,BKK,PVG,SZX,2740
433,SIN,NRT,LAX,SYD,11670
434,SIN,NRT,SFO,ICN,5667
435,SIN,POM,BNE,SYD,2450
436,SVO,IST,CAI,CAN,1456
437,SVO,RIX,CPH,PEK,4181
438,SVO,RIX,KBP,DXB,1084
439,SVO,VIE,FRA,MIA,4393
440,SYD,BNE,TPE,BKK,1641
441,SYD,BNE,TPE,ICN,1185
442,SYD,BNE,TPE,MNL,1320
443,SYD,HND,IAH,DFW,1716
444,SYD,HND,ITM,MNL,1422
445,SYD,HND,KIX,MNL,1425
446,SYD,LAX,SFO,PVG,14390
447,SYD,MEL,AUH,DXB,1261
448,SYD,MEL,TPE,MNL,1253
449,SYD,SFO,FRA,DXB,7619
450,SYD,SFO,NRT,SIN,5376
451,SYD,SFO,ORD,DFW,1072
452,SYD,SIN,KUL,MNL,1164
453,SZB,PEN,TPE,NRT,838
454,SZX,SHA,ICN,KUL,2047
455,SZX,SHA,XMN,KUL,1694
456,TPE,BKK,BOM,DEL,1110
457,TPE,DXB,AMD,DEL,972
458,TPE,DXB,BOM,DEL,903
459,TPE,DXB,LKO,DEL,1121
460,TPE,HKG,BKK,DEL,1520
461,TPE,HKG,CGK,SIN,3078
462,TPE,HKG,LHR,AMS,1839
463,TPE,MNL,MCT,DEL,1487
464,TPE,NRT,DFW,YYZ,1625
465,TPE,PUS,GMP,CGK,932
466,TPE,PUS,GMP,LAX,1277
467,TPE,XMN,WUH,SZX,1605
468,YYZ,CLT,IAD,LHR,354
469,YYZ,CLT,PHX,DFW,603
470,YYZ,EWR,MIA,LHR,750
471,YYZ,ORD,LGA,CLT,531
472,YYZ,ORD,MCI,CLT,466
473,YYZ,YVR,FRA,LHR,5007
474,AMS,ATH,IST,348,
475,AMS,AUH,BKK,826,
476,AMS,AUH,NRT,553,
477,AMS,BCN,MAD,225,
478,AMS,BKK,HKG,836,
479,AMS,BKK,KUL,950,
480,AMS,BRU,ORD,301,
481,AMS,CAI,DXB,533,
482,AMS,CDG,FRA,227,
483,AMS,CDG,MEX,959,
484,AMS,CDG,MUC,202,
485,AMS,CDG,NRT,916,
486,AMS,CDG,ORD,464,
487,AMS,CDG,SIN,1051,
488,AMS,CDG,SVO,246,
489,AMS,CPH,PEK,1562,
490,AMS,DOH,BKK,628,
491,AMS,DOH,HKG,610,
492,AMS,DOH,KUL,719,
493,AMS,DOH,NRT,640,
494,AMS,DOH,ORD,1148,
495,AMS,DOH,SIN,659,
496,AMS,DTW,ORD,466,
497,AMS,DUB,JFK,917,
498,AMS,DUB,ORD,803,
499,AMS,DXB,BKK,6422,
500,AMS,DXB,NRT,796,
501,AMS,EWR,ORD,296,
502,AMS,IST,BKK,541,
503,AMS,IST,HKG,694,
504,AMS,IST,KUL,725,
505,AMS,IST,MAD,442,
506,AMS,IST,TPE,795,
507,AMS,IST,YYZ,1866,
508,AMS,JFK,ATL,1139,
509,AMS,LHR,ORD,4194,
510,AMS,MSQ,CDG,350,
511,AMS,MSQ,IST,448,
512,AMS,MUC,DEL,1497,
513,AMS,MUC,ORD,11742,
514,AMS,ZRH,BKK,808,
515,AMS,ZRH,DXB,576,
516,AMS,ZRH,HKG,768,
517,AMS,ZRH,NRT,4354,
518,AMS,ZRH,SIN,839,
519,ATL,AMS,CDG,2028,
520,ATL,AMS,DXB,959,
521,ATL,AMS,MUC,836,
522,ATL,BOS,LHR,828,
523,ATL,CLT,EWR,187,
524,ATL,CLT,MEX,266,
525,ATL,CLT,YYZ,128,
526,ATL,DFW,MEX,268,
527,ATL,DTW,AMS,827,
528,ATL,FLL,LAS,937,
529,ATL,IAH,MEX,344,
530,ATL,ICN,AMS,6808,
531,ATL,LAX,ICN,1747,
532,ATL,LHR,AMS,846,
533,ATL,LHR,MAD,1049,
534,ATL,MCO,EWR,102,
535,ATL,MIA,MEX,294,
536,ATL,ORD,CDG,847,
537,ATL,SEA,DAL,593,
538,ATL,SEA,JFK,457,
539,ATL,SEA,LAS,477,
540,ATL,SEA,LAX,182,
541,ATL,SEA,MCO,667,
542,ATL,SEA,ORD,341,
543,ATL,YYC,YYZ,324,
544,BCN,AMS,MAD,203,
545,BCN,AMS,SIN,957,
546,BCN,AMS,YYZ,648,
547,BCN,AUH,IST,1543,
548,BCN,AUH,LHR,2065,
549,BCN,AUH,SIN,917,
550,BCN,CDG,FRA,181,
551,BCN,CDG,IST,222,
552,BCN,CDG,MUC,171,
553,BCN,DOH,SAW,1389,
554,BCN,DOH,SIN,640,
555,BCN,FRA,CDG,787,
556,BCN,IST,DXB,399,
557,BCN,IST,MIA,812,
558,BCN,IST,SIN,580,
559,BCN,IST,YYZ,730,
560,BCN,LHR,RTM,185,
561,BCN,LHR,SIN,2766,
562,BCN,LIS,AMS,127,
563,BCN,MAD,MIA,1789,
564,BKK,AMS,CDG,728,
565,BKK,AMS,FRA,809,
566,BKK,AMS,MAD,818,
567,BKK,AMS,MUC,761,
568,BKK,AMS,SVO,885,
569,BKK,AUH,AMS,696,
570,BKK,AUH,FRA,660,
571,BKK,AUH,LHR,642,
572,BKK,AUH,MAD,735,
573,BKK,AUH,MUC,672,
574,BKK,DOH,AMS,631,
575,BKK,DXB,AMS,643,
576,BKK,HEL,CDG,534,
577,BKK,HEL,FRA,535,
578,BKK,HEL,PVG,3290,
579,BKK,HKG,KUL,342,
580,BKK,HND,CGK,8117,
581,BKK,ICN,CAN,1425,
582,BKK,ICN,FRA,1247,
583,BKK,ICN,HKG,1482,
584,BKK,ICN,SYD,955,
585,BKK,IST,AMS,620,
586,BKK,IST,BOM,1154,
587,BKK,IST,DEL,1044,
588,BKK,IST,DXB,710,
589,BKK,IST,HKG,1765,
590,BKK,IST,ICN,1112,
591,BKK,IST,MAD,647,
592,BKK,IST,MNL,1102,
593,BKK,IST,MUC,906,
594,BKK,IST,SIN,1142,
595,BKK,LHR,BOM,1199,
596,BKK,LHR,KUL,1347,
597,BKK,MCT,DXB,590,
598,BKK,MCT,FRA,651,
599,BKK,MCT,IST,581,
600,BKK,MNL,HKG,335,
601,BKK,RGN,HKG,318,
602,BKK,RGN,SIN,2983,
603,BKK,SIN,AMS,4757,
604,BKK,SIN,HKG,508,
605,BKK,SIN,ICN,501,
606,BKK,SIN,MNL,729,
607,BKK,SIN,NRT,596,
608,BKK,SIN,TPE,761,
609,BKK,TPE,ICN,633,
610,BKK,TPE,MNL,646,
611,BKK,ZRH,AMS,1661,
612,BKK,ZRH,DXB,2311,
613,BKK,ZRH,FRA,1691,
614,BKK,ZRH,MUC,677,
615,BOM,AMS,CDG,691,
616,BOM,AMS,FRA,540,
617,BOM,AMS,IST,517,
618,BOM,AMS,LHR,559,
619,BOM,AMS,MUC,594,
620,BOM,AUH,AMS,750,
621,BOM,AUH,BKK,1335,
622,BOM,AUH,CDG,699,
623,BOM,AUH,DXB,292,
624,BOM,AUH,FRA,714,
625,BOM,AUH,KUL,3427,
626,BOM,AUH,LHR,722,
627,BOM,AUH,MUC,730,
628,BOM,AUH,SIN,3427,
629,BOM,CDG,FRA,539,
630,BOM,CDG,LHR,559,
631,BOM,CDG,MUC,594,
632,BOM,DXB,ICN,1539,
633,BOM,DXB,KUL,1284,
634,BOM,EWR,ICN,8067,
635,BOM,EWR,NRT,8903,
636,BOM,FRA,CDG,2298,
637,BOM,IST,AMS,759,
638,BOM,IST,HKG,1642,
639,BOM,IST,KUL,1490,
640,BOM,LHR,BKK,1923,
641,BOM,LHR,HKG,3000,
642,BOM,LHR,ICN,1626,
643,BOM,LHR,MUC,730,
644,BOM,MCT,DXB,297,
645,BOM,MCT,FRA,598,
646,BOM,MCT,LHR,607,
647,CAN,DLC,NRT,2044,
648,CAN,FOC,HKG,725,
649,CAN,FOC,NRT,473,
650,CAN,HGH,KMG,1651,
651,CAN,ICN,HKG,1527,
652,CAN,ICN,LHR,5055,
653,CAN,ICN,MNL,1529,
654,CAN,ICN,NRT,1383,
655,CAN,ICN,SIN,1516,
656,CAN,ICN,SVO,5192,
657,CAN,ICN,TPE,1516,
658,CAN,IST,AMS,2648,
659,CAN,IST,CDG,3835,
660,CAN,IST,DXB,3502,
661,CAN,IST,LAX,4507,
662,CAN,IST,LHR,2684,
663,CAN,LHR,CDG,2308,
664,CAN,LJG,PVG,972,
665,CAN,PEK,ICN,1267,
666,CAN,PEK,TPE,1069,
667,CAN,PVG,HKG,560,
668,CAN,PVG,ICN,1179,
669,CAN,PVG,LHR,1391,
670,CAN,SHA,BKK,2112,
671,CAN,SHA,NRT,1415,
672,CAN,SHA,PEK,614,
673,CAN,SHA,SIN,1634,
674,CAN,SHA,TPE,256,
675,CAN,TSN,CKG,933,
676,CAN,TSN,CTU,1004,
677,CAN,TSN,PVG,964,
678,CAN,XMN,TPE,3110,
679,CAN,YYZ,DEL,7332,
680,CDG,AMS,ATL,1573,
681,CDG,AMS,MEX,1053,
682,CDG,AMS,NRT,1188,
683,CDG,AMS,SIN,1057,
684,CDG,AMS,YYZ,260,
685,CDG,ATH,IST,378,
686,CDG,ATL,DAL,1086,
687,CDG,ATL,EWR,305,
688,CDG,AUH,KUL,931,
689,CDG,AUH,NRT,700,
690,CDG,AUH,SIN,853,
691,CDG,BRU,FRA,388,
692,CDG,CPH,PEK,1579,
693,CDG,DOH,ICN,822,
694,CDG,DOH,SAW,6636,
695,CDG,DTW,EWR,328,
696,CDG,DUB,JFK,943,
697,CDG,DUB,ORD,1062,
698,CDG,DXB,TPE,1052,
699,CDG,EWR,CLT,690,
700,CDG,EWR,DFW,330,
701,CDG,EWR,LAX,328,
702,CDG,EWR,LHR,4363,
703,CDG,FRA,HND,2716,
704,CDG,FRA,ICN,1212,
705,CDG,HEL,MUC,588,
706,CDG,HEL,NRT,1029,
707,CDG,HEL,PVG,2378,
708,CDG,ICN,PVG,3625,
709,CDG,IST,DEL,647,
710,CDG,IST,HKG,698,
711,CDG,IST,HND,717,
712,CDG,IST,ICN,780,
713,CDG,IST,KUL,2740,
714,CDG,IST,LHR,1044,
715,CDG,IST,TPE,848,
716,CDG,IST,YYZ,703,
717,CDG,KIX,HND,4579,
718,CDG,LHR,CAN,1855,
719,CDG,LHR,DFW,1068,
720,CDG,LHR,MAD,171,
721,CDG,MAD,LGW,174,
722,CDG,MAD,MEX,6181,
723,CDG,MAD,MUC,189,
724,CDG,MSQ,AMS,358,
725,CDG,MSQ,IST,494,
726,CDG,MSQ,LGW,409,
727,CDG,MSQ,MUC,385,
728,CDG,SAW,ICN,809,
729,CDG,SAW,KUL,680,
730,CDG,SIN,HKG,1206,
731,CDG,SIN,KUL,3137,
732,CDG,VIE,LHR,327,
733,CDG,ZRH,BKK,595,
734,CDG,ZRH,DXB,440,
735,CDG,ZRH,HKG,616,
736,CDG,ZRH,NRT,1871,
737,CGK,AUH,DXB,691,
738,CGK,AUH,KUL,5671,
739,CGK,AUH,SIN,6285,
740,CGK,BKK,HKG,1769,
741,CGK,IST,DXB,936,
742,CGK,IST,HKG,2075,
743,CGK,IST,HND,1871,
744,CGK,IST,ICN,1492,
745,CGK,IST,MNL,1473,
746,CGK,IST,SIN,1454,
747,CGK,MEL,SYD,1365,
748,CGK,MNL,ICN,768,
749,CGK,SIN,HKG,539,
750,CGK,SIN,HND,1065,
751,CGK,SIN,KUL,183,
752,CGK,SIN,MNL,945,
753,CGK,SIN,TPE,377,
754,CGK,TPE,HKG,708,
755,CGK,TPE,ICN,561,
756,CKG,FOC,HKG,201,
757,CKG,HAK,PVG,1429,
758,CKG,HAK,XIY,1461,
759,CKG,NKG,SIN,1040,
760,CKG,PVG,BKK,2112,
761,CKG,PVG,ICN,1236,
762,CKG,PVG,TPE,268,
763,CKG,PVG,TSA,1059,
764,CKG,SHA,ICN,1202,
765,CKG,SHA,SIN,1564,
766,CKG,SHA,TSA,838,
767,CKG,TSN,CTU,917,
768,CLT,ATL,LHR,3330,
769,CLT,BOS,ATL,264,
770,CLT,BOS,JFK,201,
771,CLT,BOS,LAX,241,
772,CLT,BOS,LHR,3330,
773,CLT,BOS,ORD,263,
774,CLT,EWR,LHR,3330,
775,CLT,IAD,LHR,3337,
776,CLT,IAD,MUC,1850,
777,CLT,JFK,LHR,3330,
778,CLT,ORD,LHR,3330,
779,CLT,ORD,MUC,1879,
780,CLT,PHL,LHR,3330,
781,CLT,SAN,MIA,3997,
782,CTU,CAN,LHR,1335,
783,CTU,FRA,LHR,1049,
784,CTU,NNG,CKG,588,
785,CTU,PVG,HKG,505,
786,CTU,PVG,SIN,2108,
787,CTU,SHA,BKK,2164,
788,CTU,SHA,HKG,310,
789,CTU,SHA,ICN,1202,
790,CTU,SHA,NRT,1464,
791,CTU,SHA,TSA,922,
792,CTU,TEN,PVG,440,
793,CTU,TNA,KMG,1247,
794,CTU,TSN,CAN,2729,
795,CTU,TSN,CKG,917,
796,CTU,TSN,PVG,948,
797,CTU,XMN,KMG,3563,
798,DAL,ATL,LHR,3309,
799,DEL,AUH,AMS,737,
800,DEL,AUH,CDG,450,
801,DEL,AUH,FRA,686,
802,DEL,AUH,JFK,1027,
803,DEL,AUH,KUL,1195,
804,DEL,AUH,LHR,447,
805,DEL,AUH,ORD,1025,
806,DEL,AUH,SIN,3578,
807,DEL,BKK,PVG,741,
808,DEL,BOM,EWR,883,
809,DEL,CDG,EWR,7837,
810,DEL,CDG,FRA,583,
811,DEL,CDG,IST,530,
812,DEL,CDG,JFK,1078,
813,DEL,CDG,LHR,574,
814,DEL,CDG,SVO,2530,
815,DEL,DOH,ICN,3403,
816,DEL,DXB,BOM,600,
817,DEL,DXB,NRT,1352,
818,DEL,DXB,TPE,1464,
819,DEL,EWR,ICN,8977,
820,DEL,HKT,BKK,233,
821,DEL,HKT,DMK,246,
822,DEL,IST,FRA,522,
823,DEL,IST,HKG,1811,
824,DEL,IST,KUL,1427,
825,DEL,IST,MUC,527,
826,DEL,IST,ORD,901,
827,DEL,IST,SIN,1078,
828,DEL,LHR,CAN,6048,
829,DEL,LHR,EWR,4713,
830,DEL,LHR,HKG,2558,
831,DEL,LHR,ICN,1563,
832,DEL,LHR,KUL,1464,
833,DEL,LHR,PVG,7422,
834,DEL,LHR,SIN,2334,
835,DEL,LHR,SVO,1195,
836,DEL,MCT,DXB,302,
837,DEL,MCT,FRA,597,
838,DEL,MCT,IST,634,
839,DEL,MCT,LHR,574,
840,DEL,YYZ,EWR,1080,
841,DEL,YYZ,ORD,1248,
842,DFW,ATL,LHR,3309,
843,DFW,CLT,JFK,127,
844,DFW,DTW,CDG,2017,
845,DFW,ICN,DXB,7015,
846,DFW,LAX,ICN,13964,
847,DFW,LHR,FRA,1920,
848,DFW,LHR,MAD,4458,
849,DFW,MIA,MAD,4162,
850,DFW,MSP,AMS,3581,
851,DFW,ORD,LHR,3669,
852,DFW,SAN,MIA,3451,
853,DXB,AMM,IST,406,
854,DXB,AMS,ATL,1337,
855,DXB,AMS,BCN,750,
856,DXB,AMS,CDG,738,
857,DXB,AMS,FRA,684,
858,DXB,AMS,IST,798,
859,DXB,AMS,LAX,1238,
860,DXB,AMS,MUC,721,
861,DXB,AMS,SAW,952,
862,DXB,AMS,YYZ,1255,
863,DXB,AUH,KUL,752,
864,DXB,AUH,MNL,615,
865,DXB,BAH,MNL,943,
866,DXB,BOS,LAX,1373,
867,DXB,CAI,CDG,562,
868,DXB,CAI,SAW,2032,
869,DXB,CDG,LAX,1224,
870,DXB,CEB,MNL,707,
871,DXB,ICN,KUL,1619,
872,DXB,ICN,LHR,4369,
873,DXB,ICN,MNL,1372,
874,DXB,ICN,NRT,2100,
875,DXB,ICN,SVO,4186,
876,DXB,IST,BCN,695,
877,DXB,IST,DEL,1052,
878,DXB,IST,HND,541,
879,DXB,IST,JFK,1254,
880,DXB,IST,KUL,580,
881,DXB,IST,LAX,1100,
882,DXB,IST,LGW,586,
883,DXB,IST,MAD,734,
884,DXB,IST,SIN,695,
885,DXB,IST,TPE,618,
886,DXB,IST,YYZ,1062,
887,DXB,JFK,LAX,1373,
888,DXB,KBP,CDG,2084,
889,DXB,KWI,SAW,1045,
890,DXB,LHR,ATL,1568,
891,DXB,LHR,CDG,605,
892,DXB,LHR,DFW,1614,
893,DXB,LHR,HKG,3867,
894,DXB,LHR,HND,3926,
895,DXB,MCT,MNL,689,
896,DXB,OTP,CDG,2127,
897,DXB,RUH,MNL,1384,
898,DXB,SAW,AMS,569,
899,DXB,SAW,HKG,2056,
900,DXB,SAW,ICN,1495,
901,DXB,SAW,MUC,321,
902,DXB,TAS,ICN,1417,
903,DXB,TAS,IST,707,
904,DXB,ZRH,AMS,1327,
905,DXB,ZRH,BCN,815,
906,DXB,ZRH,HKG,13187,
907,DXB,ZRH,JFK,1969,
908,EWR,CLT,MEX,240,
909,EWR,CLT,YYZ,507,
910,EWR,CPH,FRA,1435,
911,EWR,FLL,ATL,319,
912,EWR,LHR,BOM,1376,
913,EWR,LHR,DEL,1305,
914,EWR,LHR,HKG,10763,
915,EWR,LHR,PVG,3353,
916,EWR,LHR,YYZ,4241,
917,EWR,LIS,BCN,370,
918,EWR,MCO,CLT,157,
919,EWR,SEA,ATL,668,
920,EWR,SFO,PVG,8824,
921,EWR,ZRH,AMS,706,
922,FRA,AMS,DXB,696,
923,FRA,AMS,LHR,242,
924,FRA,AMS,MEX,483,
925,FRA,AMS,SIN,930,
926,FRA,AMS,YYZ,353,
927,FRA,AUH,ICN,892,
928,FRA,AUH,KUL,836,
929,FRA,AUH,NRT,825,
930,FRA,BRU,CDG,332,
931,FRA,BRU,ORD,1212,
932,FRA,CAI,JFK,1350,
933,FRA,CDG,BOM,801,
934,FRA,CDG,DEL,773,
935,FRA,CDG,NRT,1228,
936,FRA,CDG,SIN,930,
937,FRA,CPH,PEK,1753,
938,FRA,CTU,PEK,2160,
939,FRA,CTU,PVG,2160,
940,FRA,DOH,SAW,4890,
941,FRA,EWR,AMS,6865,
942,FRA,HEL,CDG,1677,
943,FRA,HEL,PVG,3469,
944,FRA,HND,TSA,4547,
945,FRA,IST,BCN,633,
946,FRA,IST,BOM,2782,
947,FRA,IST,DEL,810,
948,FRA,IST,HKG,770,
949,FRA,IST,ICN,3452,
950,FRA,IST,KUL,826,
951,FRA,IST,TPE,925,
952,FRA,IST,YYZ,1267,
953,FRA,JFK,ATL,635,
954,FRA,JFK,MEX,394,
955,FRA,LHR,DEL,752,
956,FRA,LHR,DFW,3448,
957,FRA,LHR,MCO,761,
958,FRA,LHR,MUC,617,
959,FRA,MAD,CDG,503,
960,FRA,MAD,MEX,6297,
961,FRA,SFO,PVG,20066,
962,FRA,VIE,BKK,3594,
963,FRA,VIE,PVG,3837,
964,FRA,ZRH,BKK,3608,
965,FRA,ZRH,HKG,3581,
966,FRA,ZRH,NRT,4226,
967,FRA,ZRH,ORD,561,
968,HKG,BKK,AMS,883,
969,HKG,BKK,KUL,1201,
970,HKG,CGK,SIN,1745,
971,HKG,DEL,BOM,419,
972,HKG,FRA,AMS,562,
973,HKG,FRA,IST,784,
974,HKG,IST,AMS,584,
975,HKG,IST,BKK,1534,
976,HKG,IST,BOM,1666,
977,HKG,IST,CGK,1729,
978,HKG,IST,DEL,1501,
979,HKG,IST,DXB,930,
980,HKG,IST,HND,2019,
981,HKG,IST,ICN,1758,
982,HKG,IST,JFK,1243,
983,HKG,IST,KUL,2127,
984,HKG,IST,LAX,1293,
985,HKG,IST,ORD,1243,
986,HKG,IST,SIN,1743,
987,HKG,IST,YYZ,1367,
988,HKG,LHR,AMS,863,
989,HKG,LHR,BKK,2335,
990,HKG,LHR,BOM,3744,
991,HKG,LHR,DEL,3896,
992,HKG,LHR,DXB,3481,
993,HKG,NRT,CGK,1234,
994,HKG,NRT,SYD,10476,
995,HKG,PVG,CAN,836,
996,HKG,PVG,PEK,318,
997,HKG,PVG,XIY,318,
998,HKG,SIN,CGK,1566,
999,HKG,SIN,FRA,663,
1000,HKG,SIN,LAX,796,
1001,HKG,SIN,MNL,1220,
1002,HKG,SIN,NRT,1407,
1003,HKG,SIN,TPE,2956,
1004,HKG,TPE,DXB,704,
1005,HKG,YVR,NRT,1182,
1006,HKG,ZRH,AMS,769,
1007,HKG,ZRH,BKK,5222,
1008,HKG,ZRH,DXB,2283,
1009,HKG,ZRH,EWR,2129,
1010,HKG,ZRH,FRA,895,
1011,HKG,ZRH,LHR,692,
1012,HKG,ZRH,NRT,6740,
1013,HKG,ZRH,ORD,2128,
1014,HKG,ZRH,YYZ,2116,
1015,HND,HEL,FRA,6091,
1016,HND,HEL,PVG,6168,
1017,HND,ITM,CGK,1111,
1018,HND,KIX,DXB,1025,
1019,HND,KIX,ICN,1601,
1020,HND,KIX,MNL,3970,
1021,HND,LHR,BKK,3945,
1022,HND,LHR,FRA,2307,
1023,HND,ORD,LAX,2742,
1024,ICN,ATL,DFW,867,
1025,ICN,ATL,ORD,834,
1026,ICN,AUH,AMS,600,
1027,ICN,AUH,BOM,3974,
1028,ICN,AUH,CDG,628,
1029,ICN,AUH,FRA,684,
1030,ICN,AUH,JFK,758,
1031,ICN,AUH,LHR,541,
1032,ICN,AUH,YYZ,1020,
1033,ICN,CAN,KMG,922,
1034,ICN,CDG,AMS,596,
1035,ICN,CDG,FRA,644,
1036,ICN,CDG,JFK,4362,
1037,ICN,CDG,MUC,596,
1038,ICN,CDG,ORD,4362,
1039,ICN,CEB,BKK,471,
1040,ICN,DOH,BOM,3452,
1041,ICN,DOH,DEL,2464,
1042,ICN,DTW,ATL,1449,
1043,ICN,DTW,DFW,867,
1044,ICN,FRA,MAD,1271,
1045,ICN,HKG,MNL,1212,
1046,ICN,JFK,ATL,1258,
1047,ICN,KIX,HND,688,
1048,ICN,LAX,ATL,1095,
1049,ICN,LAX,DFW,1045,
1050,ICN,MUC,AMS,627,
1051,ICN,NRT,JFK,3384,
1052,ICN,NRT,ORD,3586,
1053,ICN,RGN,BKK,900,
1054,ICN,RGN,SIN,3064,
1055,ICN,SEA,ATL,1449,
1056,ICN,SEA,LAX,932,
1057,ICN,SFO,LAX,967,
1058,ICN,SIN,AMS,5140,
1059,ICN,SIN,KUL,479,
1060,ICN,SIN,MNL,1377,
1061,ICN,YVR,YYZ,940,
1062,IST,ALG,MAD,229,
1063,IST,AMM,DXB,456,
1064,IST,AMM,FRA,586,
1065,IST,AMM,LHR,586,
1066,IST,AMM,ORD,853,
1067,IST,AMS,CAN,1622,
1068,IST,AMS,JFK,426,
1069,IST,AMS,MAD,207,
1070,IST,AMS,ORD,492,
1071,IST,AMS,SIN,1130,
1072,IST,AMS,YYZ,409,
1073,IST,AUH,CDG,1935,
1074,IST,AUH,JFK,1767,
1075,IST,AUH,LHR,1955,
1076,IST,AUH,YYZ,5284,
1077,IST,BEG,FRA,190,
1078,IST,BEG,LHR,212,
1079,IST,DOH,BOM,1330,
1080,IST,DOH,HKG,697,
1081,IST,DOH,SIN,644,
1082,IST,FRA,LAX,296,
1083,IST,FRA,YYZ,484,
1084,IST,LHR,BOM,284,
1085,IST,LHR,LAX,2277,
1086,IST,LHR,MAD,195,
1087,IST,LHR,RTM,211,
1088,IST,LHR,YYZ,2818,
1089,IST,MSQ,FRA,445,
1090,IST,MSQ,LGW,448,
1091,IST,SIN,ICN,801,
1092,IST,SVO,LAX,343,
1093,IST,TAS,DXB,595,
1094,IST,WAW,ICN,631,
1095,IST,ZRH,NRT,9361,
1096,JFK,AMM,IST,932,
1097,JFK,AMS,CDG,625,
1098,JFK,AMS,IST,691,
1099,JFK,AUH,DEL,714,
1100,JFK,BEG,FRA,584,
1101,JFK,CAI,DXB,777,
1102,JFK,CDG,AMS,706,
1103,JFK,CDG,DEL,812,
1104,JFK,CDG,SVO,504,
1105,JFK,CLT,YYZ,493,
1106,JFK,DUB,AMS,970,
1107,JFK,DUB,MUC,967,
1108,JFK,DXB,DEL,772,
1109,JFK,FRA,AMS,821,
1110,JFK,FRA,DXB,1149,
1111,JFK,FRA,MAD,634,
1112,JFK,HND,TSA,692,
1113,JFK,IST,CDG,1174,
1114,JFK,IST,DEL,784,
1115,JFK,IST,HKG,1142,
1116,JFK,IST,ICN,1312,
1117,JFK,IST,MUC,905,
1118,JFK,LHR,AMS,795,
1119,JFK,LHR,BCN,533,
1120,JFK,LHR,DEL,1235,
1121,JFK,PHX,LAS,440,
1122,JFK,SEA,DAL,577,
1123,JFK,TPE,HKG,881,
1124,JFK,ZRH,AMS,912,
1125,JFK,ZRH,MUC,1179,
1126,KMG,HGH,CAN,1651,
1127,KMG,HGH,CKG,1753,
1128,KMG,NKG,CKG,731,
1129,KMG,PEK,TPE,499,
1130,KMG,PVG,HKG,525,
1131,KMG,PVG,TPE,268,
1132,KMG,SHA,HKG,353,
1133,KMG,XMN,KUL,514,
1134,KUL,AUH,AMS,643,
1135,KUL,AUH,BOM,744,
1136,KUL,AUH,CDG,522,
1137,KUL,AUH,DXB,558,
1138,KUL,AUH,FRA,554,
1139,KUL,AUH,IST,4236,
1140,KUL,AUH,LHR,533,
1141,KUL,CGK,NRT,1229,
1142,KUL,DOH,AMS,580,
1143,KUL,DOH,CDG,496,
1144,KUL,DOH,DEL,3795,
1145,KUL,DOH,FRA,581,
1146,KUL,DOH,LHR,527,
1147,KUL,DXB,BOM,797,
1148,KUL,LHR,DEL,1370,
1149,KUL,MCT,DXB,651,
1150,KUL,MCT,FRA,630,
1151,KUL,MCT,IST,730,
1152,KUL,MCT,LHR,565,
1153,KUL,SIN,AMS,859,
1154,KUL,SIN,BKK,289,
1155,KUL,SIN,CDG,1697,
1156,KUL,SIN,FRA,4518,
1157,KUL,SIN,HKG,227,
1158,KUL,SIN,MNL,564,
1159,KUL,SIN,NRT,526,
1160,KUL,SIN,PVG,2538,
1161,KUL,SIN,TPE,449,
1162,KUL,TPE,AMS,622,
1163,KUL,TPE,HKG,465,
1164,KUL,TPE,ICN,743,
1165,KUL,TPE,NRT,812,
1166,KUL,TPE,SYD,4106,
1167,LAS,ATL,FRA,1316,
1168,LAS,BOS,CLT,623,
1169,LAS,DFW,MCO,85,
1170,LAS,DFW,MEX,167,
1171,LAS,DFW,MIA,304,
1172,LAS,DTW,MCO,101,
1173,LAS,FLL,MCO,101,
1174,LAS,IND,MCO,58,
1175,LAS,JFK,ATL,448,
1176,LAS,LAX,MIA,197,
1177,LAS,ORD,EWR,571,
1178,LAS,SEA,ATL,167,
1179,LAS,SEA,MCO,194,
1180,LAS,SFO,LAX,156,
1181,LAS,SFO,ORD,151,
1182,LAS,YYZ,MEX,839,
1183,LAX,AMS,DXB,958,
1184,LAX,AMS,IST,758,
1185,LAX,AMS,MAD,3877,
1186,LAX,ATL,AMS,743,
1187,LAX,BOS,AMS,940,
1188,LAX,BOS,CLT,707,
1189,LAX,CDG,AMS,641,
1190,LAX,DEN,CLT,271,
1191,LAX,DFW,ATL,1658,
1192,LAX,DFW,MEX,296,
1193,LAX,DOH,CDG,1069,
1194,LAX,DOH,MNL,1231,
1195,LAX,DTW,AMS,955,
1196,LAX,DTW,YYZ,189,
1197,LAX,FLL,ATL,246,
1198,LAX,FRA,AMS,950,
1199,LAX,HND,MNL,4085,
1200,LAX,HND,TSA,663,
1201,LAX,IAH,ORD,86,
1202,LAX,ICN,MNL,718,
1203,LAX,ICN,TPE,843,
1204,LAX,IST,MAD,985,
1205,LAX,JFK,AMS,743,
1206,LAX,JFK,MAD,2727,
1207,LAX,JFK,MCO,337,
1208,LAX,LAS,ORD,93,
1209,LAX,LHR,AMS,639,
1210,LAX,LHR,SVO,4715,
1211,LAX,MSP,AMS,954,
1212,LAX,ORD,LHR,705,
1213,LAX,PHX,CLT,292,
1214,LAX,SEA,AMS,743,
1215,LAX,SEA,MCO,208,
1216,LAX,SEA,ORD,104,
1217,LAX,SFO,DAL,293,
1218,LAX,SFO,LAS,299,
1219,LAX,SFO,NRT,822,
1220,LAX,SFO,ORD,84,
1221,LAX,SLC,CLT,457,
1222,LGW,BCN,AMS,236,
1223,LGW,BCN,MUC,220,
1224,LGW,BDA,YYZ,2586,
1225,LGW,IST,AMS,579,
1226,LGW,IST,BCN,488,
1227,LGW,IST,CDG,340,
1228,LGW,IST,DXB,563,
1229,LGW,MAD,CDG,467,
1230,LGW,MCO,YYZ,2537,
1231,LGW,YYC,YYZ,725,
1232,LHR,AMS,FRA,217,
1233,LHR,AMS,KUL,1139,
1234,LHR,AMS,MEX,845,
1235,LHR,AMS,NRT,1008,
1236,LHR,ARN,MUC,1016,
1237,LHR,ATL,CLT,1108,
1238,LHR,ATL,DFW,1062,
1239,LHR,AUH,BKK,644,
1240,LHR,AUH,BOM,675,
1241,LHR,AUH,CDG,2459,
1242,LHR,AUH,DEL,740,
1243,LHR,AUH,DXB,744,
1244,LHR,AUH,KUL,564,
1245,LHR,AUH,MNL,879,
1246,LHR,AUH,NRT,673,
1247,LHR,AUH,SIN,554,
1248,LHR,BHX,DXB,869,
1249,LHR,BRU,FRA,285,
1250,LHR,CAN,CTU,1575,
1251,LHR,CDG,BOM,930,
1252,LHR,CDG,DEL,967,
1253,LHR,CDG,FRA,230,
1254,LHR,CDG,HND,6323,
1255,LHR,CDG,MEX,960,
1256,LHR,CDG,MUC,193,
1257,LHR,CDG,SIN,765,
1258,LHR,DFW,ICN,7554,
1259,LHR,DFW,MEX,2741,
1260,LHR,DOH,BKK,758,
1261,LHR,DOH,KUL,785,
1262,LHR,DOH,NRT,832,
1263,LHR,DUB,JFK,1074,
1264,LHR,DUB,ORD,1192,
1265,LHR,DXB,KUL,809,
1266,LHR,EWR,CDG,4373,
1267,LHR,FRA,CTU,3567,
1268,LHR,FRA,HND,2141,
1269,LHR,HEL,CDG,666,
1270,LHR,HEL,FRA,525,
1271,LHR,HEL,HND,2154,
1272,LHR,HEL,MUC,1629,
1273,LHR,HEL,NRT,1402,
1274,LHR,HEL,PVG,2581,
1275,LHR,IAD,ATL,602,
1276,LHR,IST,AMS,622,
1277,LHR,IST,HND,927,
1278,LHR,IST,KUL,694,
1279,LHR,IST,MNL,3691,
1280,LHR,PKX,CTU,2798,
1281,LHR,PRG,AMS,248,
1282,LHR,PVG,CTU,4064,
1283,LHR,SIN,ICN,1105,
1284,LHR,SIN,MNL,2121,
1285,LHR,ZRH,AMS,254,
1286,LHR,ZRH,BKK,1201,
1287,MAD,AMS,IST,252,
1288,MAD,AMS,LHR,190,
1289,MAD,AUH,AMS,2221,
1290,MAD,AUH,BKK,661,
1291,MAD,AUH,ICN,637,
1292,MAD,BCN,AMS,241,
1293,MAD,BCN,LGW,164,
1294,MAD,BCN,MUC,268,
1295,MAD,CDG,ICN,802,
1296,MAD,CDG,LHR,171,
1297,MAD,DFW,MEX,6111,
1298,MAD,DOH,BKK,1022,
1299,MAD,FCO,LHR,180,
1300,MAD,IST,CDG,446,
1301,MAD,IST,DXB,375,
1302,MAD,JFK,LAX,3203,
1303,MAD,JFK,ORD,3081,
1304,MAD,LHR,BKK,695,
1305,MAD,LHR,CDG,163,
1306,MAD,LHR,DFW,3359,
1307,MAD,LHR,RTM,340,
1308,MAD,LIS,LHR,91,
1309,MAD,OTP,IST,253,
1310,MAD,WAW,ICN,554,
1311,MCO,ATL,CLT,80,
1312,MCO,AUS,LAX,310,
1313,MCO,BOS,LAS,391,
1314,MCO,BOS,ORD,107,
1315,MCO,CLT,YYZ,163,
1316,MCO,PHX,LAS,667,
1317,MCO,SEA,ATL,660,
1318,MCO,SEA,JFK,504,
1319,MCO,SEA,ORD,388,
1320,MCO,YYZ,LGW,720,
1321,MCO,YYZ,MEX,506,
1322,MEX,AMS,CDG,3163,
1323,MEX,AMS,FRA,2707,
1324,MEX,AMS,MUC,2311,
1325,MEX,ATL,DFW,403,
1326,MEX,ATL,FRA,2721,
1327,MEX,CDG,AMS,2887,
1328,MEX,CLT,EWR,298,
1329,MEX,CLT,JFK,298,
1330,MEX,DFW,ATL,489,
1331,MEX,DFW,CDG,708,
1332,MEX,DFW,LAS,544,
1333,MEX,EWR,CDG,731,
1334,MEX,IAH,MIA,219,
1335,MEX,JFK,CDG,3329,
1336,MEX,MAD,CDG,2505,
1337,MEX,MAD,JFK,2800,
1338,MEX,MAD,LHR,896,
1339,MEX,MIA,MCO,332,
1340,MEX,YYZ,EWR,557,
1341,MEX,YYZ,LHR,824,
1342,MEX,YYZ,MCO,892,
1343,MIA,ATL,CDG,512,
1344,MIA,ATL,EWR,135,
1345,MIA,ATL,FRA,2006,
1346,MIA,CDG,AMS,1107,
1347,MIA,CDG,FRA,2025,
1348,MIA,CLT,YYZ,653,
1349,MIA,DEN,LAS,213,
1350,MIA,DEN,ORD,137,
1351,MIA,DFW,MAD,398,
1352,MIA,LHR,MAD,416,
1353,MIA,MAD,BCN,590,
1354,MIA,YYZ,MEX,521,
1355,MNL,AUH,DXB,576,
1356,MNL,AUH,KUL,2261,
1357,MNL,AUH,LHR,840,
1358,MNL,BAH,DXB,389,
1359,MNL,BKK,CGK,1331,
1360,MNL,BKK,KUL,795,
1361,MNL,BKK,SIN,722,
1362,MNL,CEB,BKK,398,
1363,MNL,CEB,DXB,548,
1364,MNL,CEB,ICN,427,
1365,MNL,DMM,DXB,1083,
1366,MNL,DOH,HKG,4513,
1367,MNL,DOH,ICN,4447,
1368,MNL,DOH,KUL,2393,
1369,MNL,DOH,LHR,770,
1370,MNL,HKG,BKK,1564,
1371,MNL,HKG,CGK,282,
1372,MNL,HKG,TPE,334,
1373,MNL,HND,SYD,10116,
1374,MNL,ICN,CGK,1161,
1375,MNL,ICN,LHR,1210,
1376,MNL,ICN,NRT,477,
1377,MNL,ICN,TPE,1156,
1378,MNL,KIX,HND,644,
1379,MNL,MCT,DXB,521,
1380,MNL,MCT,LHR,871,
1381,MNL,NRT,CGK,4228,
1382,MNL,NRT,ICN,890,
1383,MNL,NRT,KUL,1898,
1384,MNL,NRT,LAX,619,
1385,MNL,NRT,SYD,10134,
1386,MNL,PUS,HKG,778,
1387,MNL,RUH,DXB,1234,
1388,MNL,SIN,CGK,353,
1389,MNL,SIN,KUL,175,
1390,MNL,TPE,HKG,1726,
1391,MNL,TPE,ICN,465,
1392,MNL,TPE,NRT,411,
1393,MNL,TPE,SYD,3311,
1394,MUC,AMS,ATL,609,
1395,MUC,AMS,BCN,189,
1396,MUC,AMS,JFK,363,
1397,MUC,AMS,YYZ,342,
1398,MUC,AUH,BKK,644,
1399,MUC,CDG,BOM,799,
1400,MUC,CDG,DEL,812,
1401,MUC,CDG,ICN,862,
1402,MUC,CDG,IST,436,
1403,MUC,CDG,JFK,392,
1404,MUC,CDG,MAD,426,
1405,MUC,CDG,ORD,395,
1406,MUC,CPH,CDG,1014,
1407,MUC,CPH,ORD,1860,
1408,MUC,EWR,DEL,10549,
1409,MUC,FRA,JFK,395,
1410,MUC,IST,BKK,646,
1411,MUC,IST,BOM,855,
1412,MUC,IST,DEL,719,
1413,MUC,IST,HKG,691,
1414,MUC,IST,HND,3771,
1415,MUC,IST,ICN,775,
1416,MUC,IST,JFK,1222,
1417,MUC,IST,MAD,412,
1418,MUC,IST,SIN,746,
1419,MUC,LHR,ATL,750,
1420,MUC,LHR,HND,1190,
1421,MUC,LHR,JFK,3219,
1422,MUC,LHR,MAD,217,
1423,MUC,LHR,RTM,222,
1424,MUC,LIS,MAD,306,
1425,MUC,VIE,AMS,370,
1426,MUC,VIE,BKK,3598,
1427,MUC,VIE,CDG,386,
1428,MUC,ZRH,AMS,367,
1429,MUC,ZRH,BKK,3611,
1430,MUC,ZRH,DXB,2363,
1431,MUC,ZRH,HKG,3599,
1432,MUC,ZRH,YYZ,700,
1433,NRT,AMS,DXB,2742,
1434,NRT,AMS,FRA,1676,
1435,NRT,AMS,LAX,5308,
1436,NRT,AMS,LHR,1902,
1437,NRT,DOH,AMS,725,
1438,NRT,DOH,BOM,3466,
1439,NRT,DOH,DEL,3412,
1440,NRT,DXB,BOM,986,
1441,NRT,EWR,BOM,15109,
1442,NRT,HKG,CGK,635,
1443,NRT,HKG,LAX,1214,
1444,NRT,ICN,CGK,532,
1445,NRT,ICN,HKG,629,
1446,NRT,ICN,SIN,498,
1447,NRT,ICN,SVO,1217,
1448,NRT,LAX,DFW,2680,
1449,NRT,LAX,EWR,3832,
1450,NRT,ORD,ATL,21170,
1451,NRT,PVG,CTU,3844,
1452,NRT,SFO,DFW,2680,
1453,NRT,SFO,SYD,20705,
1454,NRT,SIN,KUL,1771,
1455,NRT,YYZ,DEL,2830,
1456,ORD,ATL,CDG,690,
1457,ORD,ATL,CLT,88,
1458,ORD,ATL,EWR,80,
1459,ORD,ATL,JFK,113,
1460,ORD,ATL,LHR,495,
1461,ORD,ATL,MCO,94,
1462,ORD,AUH,DEL,885,
1463,ORD,BOS,JFK,155,
1464,ORD,BOS,LHR,519,
1465,ORD,BRU,FRA,918,
1466,ORD,BRU,MUC,910,
1467,ORD,CDG,ICN,7527,
1468,ORD,CDG,MAD,1365,
1469,ORD,CID,DFW,94,
1470,ORD,CLE,EWR,113,
1471,ORD,CLT,ATL,97,
1472,ORD,CLT,JFK,111,
1473,ORD,CLT,MCO,113,
1474,ORD,CLT,MEX,238,
1475,ORD,CLT,MIA,86,
1476,ORD,CMH,CLT,113,
1477,ORD,CPH,PEK,3412,
1478,ORD,CUN,MEX,261,
1479,ORD,CVG,CLT,113,
1480,ORD,DCA,CLT,113,
1481,ORD,DCA,MIA,89,
1482,ORD,DEL,HKG,1322,
1483,ORD,DEN,LAS,170,
1484,ORD,DEN,LAX,126,
1485,ORD,DFW,CDG,723,
1486,ORD,DFW,MAD,1373,
1487,ORD,DFW,MEX,240,
1488,ORD,DFW,MIA,88,
1489,ORD,DFW,NRT,1232,
1490,ORD,DOH,HKG,815,
1491,ORD,DOH,NRT,1489,
1492,ORD,DSM,DFW,94,
1493,ORD,DTW,ATL,93,
1494,ORD,DTW,CDG,749,
1495,ORD,DTW,CLT,80,
1496,ORD,DTW,EWR,80,
1497,ORD,DTW,JFK,113,
1498,ORD,DUB,AMS,1045,
1499,ORD,DUB,CDG,1045,
1500,ORD,DUB,LHR,1041,
1501,ORD,DUB,MUC,1042,
1502,ORD,EWR,CDG,764,
1503,ORD,EWR,LHR,516,
1504,ORD,FRA,DEL,2532,
1505,ORD,IAD,LHR,516,
1506,ORD,IAH,DFW,99,
1507,ORD,IAH,LAX,87,
1508,ORD,IAH,MCO,92,
1509,ORD,IAH,MEX,261,
1510,ORD,IST,DEL,855,
1511,ORD,IST,HKG,876,
1512,ORD,IST,ICN,1035,
1513,ORD,IST,MAD,1025,
1514,ORD,JFK,ATL,260,
1515,ORD,LAX,ATL,54,
1516,ORD,LAX,LAS,119,
1517,ORD,LAX,NRT,772,
1518,ORD,LHR,CDG,731,
1519,ORD,LHR,HKG,1386,
1520,ORD,LHR,IST,1237,
1521,ORD,LHR,MAD,1357,
1522,ORD,LHR,PVG,3535,
1523,ORD,LHR,YYZ,4349,
1524,ORD,MCO,CLT,101,
1525,ORD,MCO,EWR,61,
1526,ORD,MCO,MIA,164,
1527,ORD,MSP,ATL,86,
1528,ORD,MSP,EWR,80,
1529,ORD,MSP,JFK,113,
1530,ORD,MSP,LAS,113,
1531,ORD,MSP,LAX,121,
1532,ORD,MSY,DFW,54,
1533,ORD,MUC,CDG,785,
1534,ORD,NRT,PEK,2789,
1535,ORD,PDX,LAS,127,
1536,ORD,PHL,CLT,113,
1537,ORD,PHL,MCO,99,
1538,ORD,PIT,MIA,89,
1539,ORD,SAN,LAS,135,
1540,ORD,SEA,ATL,443,
1541,ORD,SEA,DFW,246,
1542,ORD,SFO,LAX,211,
1543,ORD,SFO,NRT,1185,
1544,ORD,SLC,LAX,121,
1545,ORD,STL,DFW,94,
1546,ORD,TPE,HKG,804,
1547,ORD,TPE,NRT,2342,
1548,ORD,YUL,CDG,733,
1549,ORD,YUL,LHR,487,
1550,ORD,YYZ,LHR,491,
1551,ORD,ZRH,AMS,744,
1552,PEK,PVG,LHR,1720,
1553,PEK,SHA,HKG,320,
1554,PEK,SHA,ICN,1333,
1555,PEK,SZX,PVG,640,
1556,PEK,TAO,PVG,683,
1557,PEK,YVR,NRT,2015,
1558,PEK,YVR,YYZ,1290,
1559,PVG,CPH,LHR,1478,
1560,PVG,FRA,CDG,4957,
1561,PVG,FRA,DXB,4776,
1562,PVG,FRA,HND,8262,
1563,PVG,FRA,MUC,4907,
1564,PVG,HAK,CKG,1429,
1565,PVG,HAK,XIY,1469,
1566,PVG,LHR,MUC,2543,
1567,PVG,LHR,SVO,2618,
1568,PVG,LJG,SZX,950,
1569,PVG,NRT,HKG,4605,
1570,PVG,NRT,MNL,4634,
1571,PVG,PEK,ICN,1083,
1572,PVG,SIN,HKG,1873,
1573,PVG,SZX,PEK,640,
1574,PVG,TAO,PEK,882,
1575,PVG,TAO,SZX,1291,
1576,PVG,ZUH,CKG,650,
1577,PVG,ZUH,CTU,703,
1578,PVG,ZUH,KMG,709,
1579,SAW,DOH,LAX,335,
1580,SAW,KWI,BOM,870,
1581,SHA,JJN,KMG,804,
1582,SHA,PKX,CAN,786,
1583,SHA,SZX,CKG,435,
1584,SHA,TNA,XIY,354,
1585,SHA,TSA,HND,1759,
1586,SHA,TSN,CAN,966,
1587,SHA,TSN,CKG,2001,
1588,SHA,TSN,CTU,946,
1589,SIN,AUH,BOM,3146,
1590,SIN,AUH,CDG,801,
1591,SIN,AUH,DXB,458,
1592,SIN,AUH,ICN,2149,
1593,SIN,AUH,IST,3172,
1594,SIN,AUH,MUC,729,
1595,SIN,AUH,NRT,2716,
1596,SIN,DOH,BOM,3428,
1597,SIN,DOH,CDG,828,
1598,SIN,DOH,MUC,749,
1599,SIN,DXB,BOM,807,
1600,SIN,HKG,CGK,1189,
1601,SIN,HND,CGK,1415,
1602,SIN,LHR,BOM,1143,
1603,SIN,LHR,IST,880,
1604,SIN,LHR,MUC,609,
1605,SIN,NRT,CGK,6278,
1606,SIN,PVG,CAN,2176,
1607,SIN,PVG,SZX,2307,
1608,SVO,BCN,MAD,821,
1609,SVO,CDG,DEL,5443,
1610,SVO,CDG,MIA,939,
1611,SVO,LHR,BKK,2737,
1612,SVO,LHR,DEL,4861,
1613,SVO,LHR,ICN,2922,
1614,SVO,LHR,MIA,3175,
1615,SVO,PRG,AMS,1474,
1616,SVO,RIX,CDG,177,
1617,SYD,BNE,TPE,1344,
1618,SYD,DOH,BKK,2766,
1619,SYD,DOH,DEL,2534,
1620,SYD,HND,MNL,1646,
1621,SYD,MEL,TPE,1251,
1622,SYD,PER,HKG,1036,
1623,SYD,SIN,KUL,805,
1624,SYD,SIN,MNL,1369,
1625,SYD,SIN,TPE,848,
1626,SYD,XMN,CAN,2464,
1627,SYD,XMN,CKG,2437,
1628,SZX,LJG,PVG,950,
1629,SZX,PEK,ICN,1310,
1630,SZX,SHA,BKK,2192,
1631,SZX,SHA,SIN,1624,
1632,SZX,SHA,TPE,268,
1633,TPE,AMS,FRA,1052,
1634,TPE,AMS,YYZ,4177,
1635,TPE,BKK,DEL,1059,
1636,TPE,CGK,SIN,756,
1637,TPE,FRA,AMS,1866,
1638,TPE,FRA,CDG,2005,
1639,TPE,HKG,BKK,1655,
1640,TPE,HKG,CGK,400,
1641,TPE,HKG,FRA,2110,
1642,TPE,HKG,KUL,403,
1643,TPE,HKG,MNL,1449,
1644,TPE,ICN,JFK,4294,
1645,TPE,NGO,HND,1576,
1646,TPE,NRT,SYD,3171,
1647,TPE,PVG,CAN,320,
1648,TPE,PVG,CTU,333,
1649,TPE,PVG,PEK,679,
1650,TPE,PVG,SZX,333,
1651,TPE,PVG,XIY,390,
1652,TPE,XMN,CAN,1143,
1653,TPE,XMN,CTU,552,
1654,TPE,XMN,KMG,2487,
1655,TSA,SHA,CAN,1083,
1656,TSA,SHA,PEK,1052,
1657,TSA,SHA,SZX,996,
1658,TSA,SHA,XIY,998,
1659,XIY,HAK,PVG,1469,
1660,XIY,HGH,CAN,1109,
1661,XIY,HGH,KMG,1599,
1662,XIY,PEK,TPE,618,
1663,XIY,PVG,HKG,729,
1664,XIY,PVG,TPE,236,
1665,XIY,SHA,HKG,350,
1666,XIY,XMN,TPE,354,
1667,YYZ,AMS,IST,1064,
1668,YYZ,AMS,LHR,848,
1669,YYZ,BOS,JFK,202,
1670,YYZ,CLT,EWR,531,
1671,YYZ,DTW,EWR,467,
1672,YYZ,IAD,ATL,1042,
1673,YYZ,LHR,BCN,423,
1674,YYZ,LHR,EWR,4515,
1675,YYZ,LHR,IST,1987,
1676,YYZ,TPE,HKG,983,
1677,AMS,ATL,1111,,
1678,AMS,BCN,133,,
1679,AMS,CDG,191,,
1680,AMS,DXB,772,,
1681,AMS,EWR,339,,
1682,AMS,FRA,205,,
1683,AMS,IST,187,,
1684,AMS,JFK,305,,
1685,AMS,LHR,130,,
1686,AMS,MAD,180,,
1687,AMS,MEX,950,,
1688,AMS,MUC,282,,
1689,AMS,NRT,940,,
1690,AMS,ORD,288,,
1691,AMS,SAW,115,,
1692,AMS,SIN,956,,
1693,AMS,YYZ,285,,
1694,ATL,AMS,821,,
1695,ATL,CDG,841,,
1696,ATL,CLT,116,,
1697,ATL,DAL,140,,
1698,ATL,DFW,114,,
1699,ATL,EWR,78,,
1700,ATL,FRA,806,,
1701,ATL,ICN,1741,,
1702,ATL,JFK,134,,
1703,ATL,LHR,821,,
1704,ATL,MCO,62,,
1705,ATL,MEX,267,,
1706,ATL,MIA,1113,,
1707,ATL,ORD,142,,
1708,BCN,AMS,164,,
1709,BCN,CDG,92,,
1710,BCN,FRA,190,,
1711,BCN,IST,1506,,
1712,BCN,LGW,48,,
1713,BCN,LHR,39,,
1714,BCN,MAD,107,,
1715,BCN,MUC,496,,
1716,BCN,SVO,294,,
1717,BKK,AMS,735,,
1718,BKK,BOM,411,,
1719,BKK,CGK,741,,
1720,BKK,DEL,394,,
1721,BKK,HKG,152,,
1722,BKK,HND,1693,,
1723,BKK,ICN,555,,
1724,BKK,IST,696,,
1725,BKK,KUL,320,,
1726,BKK,MNL,318,,
1727,BKK,NRT,875,,
1728,BKK,SIN,267,,
1729,BKK,TPE,347,,
1730,BOM,AMS,673,,
1731,BOM,BKK,149,,
1732,BOM,CDG,664,,
1733,BOM,DEL,109,,
1734,BOM,DXB,297,,
1735,BOM,LHR,531,,
1736,CAN,CKG,141,,
1737,CAN,CTU,157,,
1738,CAN,ICN,880,,
1739,CAN,IST,2747,,
1740,CAN,KMG,100,,
1741,CAN,PEK,792,,
1742,CAN,PVG,160,,
1743,CAN,SHA,154,,
1744,CDG,AMS,276,,
1745,CDG,BCN,99,,
1746,CDG,BOM,1017,,
1747,CDG,DEL,904,,
1748,CDG,DXB,891,,
1749,CDG,EWR,320,,
1750,CDG,HND,4894,,
1751,CDG,IST,239,,
1752,CDG,LHR,110,,
1753,CDG,MIA,707,,
1754,CDG,NRT,1144,,
1755,CDG,SAW,161,,
1756,CDG,SIN,1221,,
1757,CDG,SVO,544,,
1758,CGK,ICN,528,,
1759,CGK,KUL,110,,
1760,CGK,MNL,544,,
1761,CGK,NRT,1117,,
1762,CGK,SIN,76,,
1763,CGK,TPE,406,,
1764,CKG,KMG,111,,
1765,CKG,PEK,193,,
1766,CKG,PVG,390,,
1767,CKG,SHA,1431,,
1768,CKG,SZX,1358,,
1769,CKG,XIY,130,,
1770,CLT,ATL,114,,
1771,CLT,DFW,133,,
1772,CLT,JFK,200,,
1773,CLT,LAS,419,,
1774,CLT,LAX,230,,
1775,CLT,MCO,1023,,
1776,CLT,MEX,402,,
1777,CLT,MIA,203,,
1778,CLT,ORD,132,,
1779,CLT,YYZ,251,,
1780,CTU,CAN,707,,
1781,CTU,FRA,1623,,
1782,CTU,KMG,111,,
1783,CTU,PEK,165,,
1784,CTU,PVG,183,,
1785,CTU,SZX,165,,
1786,CTU,XIY,111,,
1787,DEL,BKK,130,,
1788,DEL,BOM,352,,
1789,DEL,CDG,581,,
1790,DEL,DXB,356,,
1791,DEL,EWR,883,,
1792,DEL,IST,598,,
1793,DEL,MUC,713,,
1794,DFW,ATL,183,,
1795,DFW,CDG,1606,,
1796,DFW,CLT,162,,
1797,DFW,EWR,155,,
1798,DFW,FRA,1896,,
1799,DFW,ICN,1772,,
1800,DFW,LAS,379,,
1801,DFW,LAX,133,,
1802,DFW,MAD,4162,,
1803,DFW,MCO,162,,
1804,DFW,MEX,323,,
1805,DFW,MIA,420,,
1806,DFW,NRT,1272,,
1807,DFW,ORD,121,,
1808,DFW,YYZ,249,,
1809,DXB,AMS,1001,,
1810,DXB,BKK,786,,
1811,DXB,BOM,662,,
1812,DXB,CDG,866,,
1813,DXB,CGK,610,,
1814,DXB,DEL,668,,
1815,DXB,ICN,1402,,
1816,DXB,MNL,546,,
1817,DXB,SAW,207,,
1818,DXB,SIN,699,,
1819,DXB,TPE,803,,
1820,EWR,ATL,78,,
1821,EWR,CDG,593,,
1822,EWR,CLT,270,,
1823,EWR,DFW,155,,
1824,EWR,LAS,170,,
1825,EWR,LAX,217,,
1826,EWR,LHR,720,,
1827,EWR,MCO,89,,
1828,EWR,MIA,104,,
1829,FRA,AMS,156,,
1830,FRA,CTU,2195,,
1831,FRA,DFW,3456,,
1832,FRA,HND,3231,,
1833,FRA,JFK,409,,
1834,FRA,MAD,106,,
1835,FRA,SAW,160,,
1836,FRA,SVO,372,,
1837,HKG,BKK,194,,
1838,HKG,CGK,525,,
1839,HKG,DEL,317,,
1840,HKG,DXB,490,,
1841,HKG,IST,835,,
1842,HKG,LAX,2918,,
1843,HKG,MNL,193,,
1844,HKG,NRT,815,,
1845,HKG,PEK,717,,
1846,HKG,PVG,193,,
1847,HKG,SIN,283,,
1848,HKG,TPE,168,,
1849,HND,CDG,2424,,
1850,HND,SIN,2021,,
1851,ICN,ATL,1334,,
1852,ICN,CAN,857,,
1853,ICN,CDG,932,,
1854,ICN,CGK,554,,
1855,ICN,CTU,1041,,
1856,ICN,DXB,615,,
1857,ICN,FRA,959,,
1858,ICN,HKG,324,,
1859,ICN,JFK,1131,,
1860,ICN,LAX,3545,,
1861,ICN,MNL,401,,
1862,ICN,MUC,629,,
1863,ICN,NRT,283,,
1864,ICN,SIN,465,,
1865,ICN,TPE,182,,
1866,IST,AMS,154,,
1867,IST,BCN,340,,
1868,IST,BOM,330,,
1869,IST,DEL,343,,
1870,IST,HKG,736,,
1871,IST,LAX,974,,
1872,IST,LGW,409,,
1873,IST,MAD,311,,
1874,IST,ORD,873,,
1875,IST,SIN,1261,,
1876,IST,SVO,192,,
1877,IST,YYZ,881,,
1878,JFK,AMS,423,,
1879,JFK,ATL,141,,
1880,JFK,ICN,1103,,
1881,JFK,LHR,720,,
1882,JFK,MCO,79,,
1883,JFK,MEX,241,,
1884,JFK,MIA,128,,
1885,JFK,NRT,9677,,
1886,JFK,ORD,134,,
1887,JFK,TPE,1458,,
1888,KMG,PEK,136,,
1889,KMG,XIY,118,,
1890,KUL,CGK,216,,
1891,KUL,DXB,557,,
1892,KUL,LHR,639,,
1893,KUL,NRT,388,,
1894,KUL,SIN,151,,
1895,KUL,TPE,446,,
1896,LAS,CLT,529,,
1897,LAS,DFW,104,,
1898,LAS,EWR,138,,
1899,LAS,JFK,202,,
1900,LAS,MCO,144,,
1901,LAS,MEX,173,,
1902,LAS,MIA,184,,
1903,LAX,AMS,588,,
1904,LAX,ATL,202,,
1905,LAX,CLT,286,,
1906,LAX,EWR,181,,
1907,LAX,HND,806,,
1908,LAX,ICN,3129,,
1909,LAX,JFK,202,,
1910,LAX,MEX,145,,
1911,LAX,MIA,202,,
1912,LAX,MNL,750,,
1913,LAX,ORD,119,,
1914,LGW,BCN,72,,
1915,LGW,IST,179,,
1916,LGW,MCO,542,,
1917,LGW,YYZ,420,,
1918,LHR,AMS,99,,
1919,LHR,ATL,1240,,
1920,LHR,BCN,72,,
1921,LHR,BKK,857,,
1922,LHR,BOM,764,,
1923,LHR,CAN,1871,,
1924,LHR,CDG,88,,
1925,LHR,DEL,1039,,
1926,LHR,DXB,585,,
1927,LHR,EWR,470,,
1928,LHR,HKG,721,,
1929,LHR,HND,1552,,
1930,LHR,IST,195,,
1931,LHR,JFK,727,,
1932,LHR,KUL,845,,
1933,LHR,MAD,74,,
1934,LHR,ORD,684,,
1935,LHR,SIN,744,,
1936,LHR,YYZ,481,,
1937,MAD,AMS,161,,
1938,MAD,BCN,109,,
1939,MAD,DFW,3314,,
1940,MAD,FRA,62,,
1941,MAD,IST,310,,
1942,MAD,JFK,344,,
1943,MAD,LGW,109,,
1944,MAD,LHR,165,,
1945,MAD,MEX,6088,,
1946,MAD,MUC,67,,
1947,MCO,ATL,105,,
1948,MCO,CLT,116,,
1949,MCO,DFW,135,,
1950,MCO,EWR,48,,
1951,MCO,JFK,79,,
1952,MCO,LAX,616,,
1953,MCO,LGW,720,,
1954,MCO,MEX,335,,
1955,MCO,MIA,372,,
1956,MCO,YYZ,184,,
1957,MEX,AMS,2862,,
1958,MEX,ATL,317,,
1959,MEX,CDG,2897,,
1960,MEX,CLT,474,,
1961,MEX,DFW,248,,
1962,MEX,LAS,289,,
1963,MEX,LAX,226,,
1964,MEX,MAD,4449,,
1965,MEX,MCO,374,,
1966,MEX,MIA,266,,
1967,MEX,ORD,240,,
1968,MEX,YYZ,410,,
1969,MIA,ATL,113,,
1970,MIA,CDG,506,,
1971,MIA,CLT,260,,
1972,MIA,EWR,104,,
1973,MIA,JFK,128,,
1974,MIA,LAS,437,,
1975,MIA,LAX,135,,
1976,MIA,LHR,476,,
1977,MIA,MAD,393,,
1978,MIA,MCO,114,,
1979,MIA,MEX,179,,
1980,MIA,ORD,49,,
1981,MIA,SVO,1021,,
1982,MIA,YYZ,152,,
1983,MNL,BKK,398,,
1984,MNL,DXB,279,,
1985,MNL,HKG,100,,
1986,MNL,HND,397,,
1987,MNL,ICN,146,,
1988,MNL,NRT,418,,
1989,MNL,SIN,121,,
1990,MNL,TPE,236,,
1991,MUC,AMS,215,,
1992,MUC,CDG,103,,
1993,MUC,DEL,3496,,
1994,MUC,IST,172,,
1995,MUC,MAD,119,,
1996,MUC,SAW,112,,
1997,NRT,AMS,1384,,
1998,NRT,CGK,1062,,
1999,NRT,DFW,2673,,
2000,NRT,ICN,345,,
2001,NRT,JFK,2250,,
2002,NRT,KUL,3132,,
2003,NRT,MEX,2173,,
2004,NRT,SIN,604,,
2005,NRT,TPE,255,,
2006,ORD,ATL,1464,,
2007,ORD,CDG,700,,
2008,ORD,CLT,134,,
2009,ORD,DFW,33,,
2010,ORD,EWR,107,,
2011,ORD,IST,1488,,
2012,ORD,JFK,107,,
2013,ORD,LAS,115,,
2014,ORD,LAX,107,,
2015,ORD,LHR,497,,
2016,ORD,MCO,123,,
2017,ORD,MEX,173,,
2018,ORD,MIA,134,,
2019,ORD,NRT,1165,,
2020,ORD,YYZ,137,,
2021,PEK,CAN,792,,
2022,PEK,CKG,196,,
2023,PEK,CTU,125,,
2024,PEK,DXB,1827,,
2025,PEK,HKG,370,,
2026,PEK,KMG,167,,
2027,PEK,SZX,106,,
2028,PEK,XIY,131,,
2029,PVG,BKK,2138,,
2030,PVG,CAN,171,,
2031,PVG,CKG,137,,
2032,PVG,CTU,152,,
2033,PVG,FRA,4857,,
2034,PVG,HKG,227,,
2035,PVG,KMG,117,,
2036,PVG,NRT,1143,,
2037,PVG,SIN,410,,
2038,PVG,SZX,132,,
2039,PVG,TPE,179,,
2040,PVG,XIY,381,,
2041,SAW,AMS,129,,
2042,SAW,DXB,150,,
2043,SAW,MUC,88,,
2044,SHA,CAN,339,,
2045,SHA,CKG,1902,,
2046,SHA,CTU,440,,
2047,SHA,PEK,333,,
2048,SHA,SZX,1425,,
2049,SHA,TSA,487,,
2050,SHA,XIY,147,,
2051,SIN,BKK,296,,
2052,SIN,CGK,132,,
2053,SIN,DXB,360,,
2054,SIN,HKG,252,,
2055,SIN,ICN,598,,
2056,SIN,KUL,105,,
2057,SIN,MNL,206,,
2058,SIN,NRT,2341,,
2059,SIN,PVG,2158,,
2060,SIN,TPE,305,,
2061,SVO,AMS,374,,
2062,SVO,BCN,391,,
2063,SVO,CDG,506,,
2064,SVO,FRA,326,,
2065,SVO,IST,192,,
2066,SVO,LAX,665,,
2067,SVO,LHR,221,,
2068,SYD,CGK,972,,
2069,SYD,DXB,1155,,
2070,SYD,LAX,918,,
2071,SYD,SIN,778,,
2072,SZX,CKG,1358,,
2073,SZX,CTU,133,,
2074,SZX,KMG,106,,
2075,SZX,PVG,125,,
2076,SZX,SHA,128,,
2077,SZX,XIY,145,,
2078,TPE,AMS,848,,
2079,TPE,BKK,764,,
2080,TPE,CGK,516,,
2081,TPE,DXB,547,,
2082,TPE,FRA,1624,,
2083,TPE,HKG,244,,
2084,TPE,ICN,928,,
2085,TPE,LAX,1854,,
2086,TPE,MNL,368,,
2087,TPE,NRT,239,,
2088,TPE,PVG,262,,
2089,XIY,CAN,100,,
2090,XIY,CKG,180,,
2091,XIY,CTU,157,,
2092,XIY,KMG,124,,
2093,XIY,PEK,453,,
2094,XIY,PVG,138,,
2095,XIY,SHA,146,,
2096,YYZ,IST,1094,,
2097,YYZ,LHR,316,,
2098,YYZ,ORD,180,,
